entity_text,entity_type,source_url,confidence,sentence_context
AI,GPE,https://prairie-institute.fr,0.9500000000000001,"PR[AI]RIE has the ambitious objective of becoming a world leader in research and higher education in AI, with a real impact on the economy and society, driven by its founding members, world class academic institutions, industrial partners leading in their fields and a network of strong international partners."
one,CARDINAL,https://prairie-institute.fr,0.7,PR[AI]RIE is one of the 9 French AI-Clusters financed by France  for a total of 75m€ over 5 years ).
9,CARDINAL,https://prairie-institute.fr,0.7,PR[AI]RIE is one of the 9 French AI-Clusters financed by France  for a total of 75m€ over 5 years ).
AI-Clusters,ORG,https://prairie-institute.fr,0.9,PR[AI]RIE is one of the 9 French AI-Clusters financed by France  for a total of 75m€ over 5 years ).
France,GPE,https://prairie-institute.fr,0.9500000000000001,PR[AI]RIE is one of the 9 French AI-Clusters financed by France  for a total of 75m€ over 5 years ).
5 years,DATE,https://prairie-institute.fr,0.95,PR[AI]RIE is one of the 9 French AI-Clusters financed by France  for a total of 75m€ over 5 years ).
CNRS,ORG,https://prairie-institute.fr,0.9,"Its founding academic members are CNRS, Inria, Institut Pasteur, Université PSL and Université de Paris Cité."
Inria,GPE,https://prairie-institute.fr,0.9500000000000001,"Its founding academic members are CNRS, Inria, Institut Pasteur, Université PSL and Université de Paris Cité."
Université PSL,ORG,https://prairie-institute.fr,0.9,"Its founding academic members are CNRS, Inria, Institut Pasteur, Université PSL and Université de Paris Cité."
Université de Paris Cité,ORG,https://prairie-institute.fr,0.93,"Its founding academic members are CNRS, Inria, Institut Pasteur, Université PSL and Université de Paris Cité."
AI,GPE,https://prairie-institute.fr,0.9500000000000001,Permanent Researchers from our partners with a proven record of excellence in AI.
80,CARDINAL,https://prairie-institute.fr,0.7,"80 Partner companies including GE HealthCare, Google DeepMind, Hermès, Meta, Valéo and startups."
GE HealthCare,ORG,https://prairie-institute.fr,0.9,"80 Partner companies including GE HealthCare, Google DeepMind, Hermès, Meta, Valéo and startups."
Google DeepMind,ORG,https://prairie-institute.fr,0.9,"80 Partner companies including GE HealthCare, Google DeepMind, Hermès, Meta, Valéo and startups."
Hermès,ORG,https://prairie-institute.fr,0.9,"80 Partner companies including GE HealthCare, Google DeepMind, Hermès, Meta, Valéo and startups."
Meta,ORG,https://prairie-institute.fr,0.9,"80 Partner companies including GE HealthCare, Google DeepMind, Hermès, Meta, Valéo and startups."
Research,ORG,https://prairie-institute.fr,0.9,"Research Our reasearch areas Research in PR[AI]RIE is organized in a double helix with two intertwined threads: (a) core AI methodological research, and (b) interdisciplinary work at the interface with sciences and applications."
two,CARDINAL,https://prairie-institute.fr,0.7,"Research Our reasearch areas Research in PR[AI]RIE is organized in a double helix with two intertwined threads: (a) core AI methodological research, and (b) interdisciplinary work at the interface with sciences and applications."
AI,ORG,https://prairie-institute.fr,0.9,"Research Our reasearch areas Research in PR[AI]RIE is organized in a double helix with two intertwined threads: (a) core AI methodological research, and (b) interdisciplinary work at the interface with sciences and applications."
the earliest days,DATE,https://prairie-institute.fr,0.98,"Since the earliest days of Artificial Intelligence, the study of human cognition has played an important role."
Artificial Intelligence,ORG,https://prairie-institute.fr,0.9,"Since the earliest days of Artificial Intelligence, the study of human cognition has played an important role."
first,ORDINAL,https://prairie-institute.fr,0.7,"The very first working code presented at the Dartmouth… Computer vision is the part of AI concerned with the automated interpretation of digital imagery, with very strong links with machine learning, natural image understanding and robotics… The Data Sciences Group at PRAIRIE is a dedicated team of experts specializing in the field of machine learning and its applications in health sciences and medical imaging."
Dartmouth,ORG,https://prairie-institute.fr,0.9,"The very first working code presented at the Dartmouth… Computer vision is the part of AI concerned with the automated interpretation of digital imagery, with very strong links with machine learning, natural image understanding and robotics… The Data Sciences Group at PRAIRIE is a dedicated team of experts specializing in the field of machine learning and its applications in health sciences and medical imaging."
AI,GPE,https://prairie-institute.fr,0.9500000000000001,"The very first working code presented at the Dartmouth… Computer vision is the part of AI concerned with the automated interpretation of digital imagery, with very strong links with machine learning, natural image understanding and robotics… The Data Sciences Group at PRAIRIE is a dedicated team of experts specializing in the field of machine learning and its applications in health sciences and medical imaging."
The Data Sciences Group,ORG,https://prairie-institute.fr,0.93,"The very first working code presented at the Dartmouth… Computer vision is the part of AI concerned with the automated interpretation of digital imagery, with very strong links with machine learning, natural image understanding and robotics… The Data Sciences Group at PRAIRIE is a dedicated team of experts specializing in the field of machine learning and its applications in health sciences and medical imaging."
The Networked Data Management,ORG,https://prairie-institute.fr,0.93,"The Networked Data Management group comprises a dedicated team of researchers specializing in various fields, including software verification, representation learning, distributed algorithms, and large-scale data management."
Artificial Intelligence and Organizational Sciences,ORG,https://prairie-institute.fr,0.93,"Double Bachelor‘s degree in Artificial Intelligence and Organizational Sciences, International Bachelor of Science in AI, CPES – Sciences data, arts & cultures."
International Bachelor of Science,ORG,https://prairie-institute.fr,0.93,"Double Bachelor‘s degree in Artificial Intelligence and Organizational Sciences, International Bachelor of Science in AI, CPES – Sciences data, arts & cultures."
AI,GPE,https://prairie-institute.fr,0.9500000000000001,"Double Bachelor‘s degree in Artificial Intelligence and Organizational Sciences, International Bachelor of Science in AI, CPES – Sciences data, arts & cultures."
CPES,ORG,https://prairie-institute.fr,0.9,"Double Bachelor‘s degree in Artificial Intelligence and Organizational Sciences, International Bachelor of Science in AI, CPES – Sciences data, arts & cultures."
arts & cultures,ORG,https://prairie-institute.fr,0.88,"Double Bachelor‘s degree in Artificial Intelligence and Organizational Sciences, International Bachelor of Science in AI, CPES – Sciences data, arts & cultures."
Executive,ORG,https://prairie-institute.fr,0.9,"Executive master statistique et big data, Executive master intelligence artificielle et science des données, Certificat Data Sciences, Masterclasses in AI, AI in medicine and Illumens programs… The Paris School of AI of Université PSL, a key part of the PR[AI]RIE AI-Cluster, has recruited 10 AI Fellows, international researchers at the forefront of AI, who will also participate in its teaching activities."
intelligence artificielle,PERSON,https://prairie-institute.fr,0.9,"Executive master statistique et big data, Executive master intelligence artificielle et science des données, Certificat Data Sciences, Masterclasses in AI, AI in medicine and Illumens programs… The Paris School of AI of Université PSL, a key part of the PR[AI]RIE AI-Cluster, has recruited 10 AI Fellows, international researchers at the forefront of AI, who will also participate in its teaching activities."
Certificat Data Sciences,ORG,https://prairie-institute.fr,0.93,"Executive master statistique et big data, Executive master intelligence artificielle et science des données, Certificat Data Sciences, Masterclasses in AI, AI in medicine and Illumens programs… The Paris School of AI of Université PSL, a key part of the PR[AI]RIE AI-Cluster, has recruited 10 AI Fellows, international researchers at the forefront of AI, who will also participate in its teaching activities."
Masterclasses,PERSON,https://prairie-institute.fr,0.9500000000000001,"Executive master statistique et big data, Executive master intelligence artificielle et science des données, Certificat Data Sciences, Masterclasses in AI, AI in medicine and Illumens programs… The Paris School of AI of Université PSL, a key part of the PR[AI]RIE AI-Cluster, has recruited 10 AI Fellows, international researchers at the forefront of AI, who will also participate in its teaching activities."
AI,GPE,https://prairie-institute.fr,0.9500000000000001,"Executive master statistique et big data, Executive master intelligence artificielle et science des données, Certificat Data Sciences, Masterclasses in AI, AI in medicine and Illumens programs… The Paris School of AI of Université PSL, a key part of the PR[AI]RIE AI-Cluster, has recruited 10 AI Fellows, international researchers at the forefront of AI, who will also participate in its teaching activities."
AI,GPE,https://prairie-institute.fr,0.9500000000000001,"Executive master statistique et big data, Executive master intelligence artificielle et science des données, Certificat Data Sciences, Masterclasses in AI, AI in medicine and Illumens programs… The Paris School of AI of Université PSL, a key part of the PR[AI]RIE AI-Cluster, has recruited 10 AI Fellows, international researchers at the forefront of AI, who will also participate in its teaching activities."
The Paris School of AI of Université PSL,ORG,https://prairie-institute.fr,0.93,"Executive master statistique et big data, Executive master intelligence artificielle et science des données, Certificat Data Sciences, Masterclasses in AI, AI in medicine and Illumens programs… The Paris School of AI of Université PSL, a key part of the PR[AI]RIE AI-Cluster, has recruited 10 AI Fellows, international researchers at the forefront of AI, who will also participate in its teaching activities."
10,CARDINAL,https://prairie-institute.fr,0.7,"Executive master statistique et big data, Executive master intelligence artificielle et science des données, Certificat Data Sciences, Masterclasses in AI, AI in medicine and Illumens programs… The Paris School of AI of Université PSL, a key part of the PR[AI]RIE AI-Cluster, has recruited 10 AI Fellows, international researchers at the forefront of AI, who will also participate in its teaching activities."
AI Fellows,ORG,https://prairie-institute.fr,0.9,"Executive master statistique et big data, Executive master intelligence artificielle et science des données, Certificat Data Sciences, Masterclasses in AI, AI in medicine and Illumens programs… The Paris School of AI of Université PSL, a key part of the PR[AI]RIE AI-Cluster, has recruited 10 AI Fellows, international researchers at the forefront of AI, who will also participate in its teaching activities."
AI,GPE,https://prairie-institute.fr,0.9500000000000001,"Executive master statistique et big data, Executive master intelligence artificielle et science des données, Certificat Data Sciences, Masterclasses in AI, AI in medicine and Illumens programs… The Paris School of AI of Université PSL, a key part of the PR[AI]RIE AI-Cluster, has recruited 10 AI Fellows, international researchers at the forefront of AI, who will also participate in its teaching activities."
first,ORDINAL,https://prairie-institute.fr,0.7,"From my experiences, I would advice students who would like to work in this field to first find out research topics closest to their own studies or to their interests, then study not only fundamental courses in their major… Shuyu Dong AI Fellow Paris School of AI Université Paris Dauphine-PSL AI and neuroscience are in a virtuous loop."
Shuyu Dong AI,PERSON,https://prairie-institute.fr,0.9800000000000001,"From my experiences, I would advice students who would like to work in this field to first find out research topics closest to their own studies or to their interests, then study not only fundamental courses in their major… Shuyu Dong AI Fellow Paris School of AI Université Paris Dauphine-PSL AI and neuroscience are in a virtuous loop."
today,DATE,https://prairie-institute.fr,0.95,"On one hand, even “simple” nervous systems learn quickly, adapt online, and generalise from limited experience – capabilities today’s AI still struggles to match."
AI,GPE,https://prairie-institute.fr,0.9500000000000001,"On one hand, even “simple” nervous systems learn quickly, adapt online, and generalise from limited experience – capabilities today’s AI still struggles to match."
Vito Dichio,ORG,https://prairie-institute.fr,0.9,Vito Dichio AI Fellow Paris School of AI ENS-PSL I would also encourage students to stay curious about both theory and practice.
Bayesian,NORP,https://prairie-institute.fr,0.75,"Bayesian methods are deeply mathematical, but their power comes from being applied to real-world problems."
Mélodie,PERSON,https://prairie-institute.fr,0.9500000000000001,"Mélodie Monod AI Fellow Paris School of AI Université Paris Dauphine-PSL Gérer le consentement Pour offrir les meilleures expériences, nous utilisons des technologies telles que les cookies pour stocker et/ou accéder aux informations des appareils."
Pour,ORG,https://prairie-institute.fr,0.9,"Mélodie Monod AI Fellow Paris School of AI Université Paris Dauphine-PSL Gérer le consentement Pour offrir les meilleures expériences, nous utilisons des technologies telles que les cookies pour stocker et/ou accéder aux informations des appareils."
Le fait de consentir,ORG,https://prairie-institute.fr,0.93,Le fait de consentir à ces technologies nous permettra de traiter des données telles que le comportement de navigation ou les ID uniques sur ce site.
Le fait de ne,ORG,https://prairie-institute.fr,0.93,Le fait de ne pas consentir ou de retirer son consentement peut avoir un effet négatif sur certaines caractéristiques et fonctions.
un,ORG,https://prairie-institute.fr,0.85,Le fait de ne pas consentir ou de retirer son consentement peut avoir un effet négatif sur certaines caractéristiques et fonctions.
Fonctionnel Always,ORG,https://prairie-institute.fr,0.9,"Fonctionnel Always active Le stockage ou l’accès technique est strictement nécessaire dans la finalité d’intérêt légitime de permettre l’utilisation d’un service spécifique explicitement demandé par l’abonné ou l’utilisateur, ou dans le seul but d’effectuer la transmission d’une communication sur un réseau de communications électroniques."
Le,ORG,https://prairie-institute.fr,0.9,"Fonctionnel Always active Le stockage ou l’accès technique est strictement nécessaire dans la finalité d’intérêt légitime de permettre l’utilisation d’un service spécifique explicitement demandé par l’abonné ou l’utilisateur, ou dans le seul but d’effectuer la transmission d’une communication sur un réseau de communications électroniques."
dans,NORP,https://prairie-institute.fr,0.7,"Fonctionnel Always active Le stockage ou l’accès technique est strictement nécessaire dans la finalité d’intérêt légitime de permettre l’utilisation d’un service spécifique explicitement demandé par l’abonné ou l’utilisateur, ou dans le seul but d’effectuer la transmission d’une communication sur un réseau de communications électroniques."
demandé par l’abonné,PERSON,https://prairie-institute.fr,0.93,"Fonctionnel Always active Le stockage ou l’accès technique est strictement nécessaire dans la finalité d’intérêt légitime de permettre l’utilisation d’un service spécifique explicitement demandé par l’abonné ou l’utilisateur, ou dans le seul but d’effectuer la transmission d’une communication sur un réseau de communications électroniques."
l’utilisateur,GPE,https://prairie-institute.fr,0.9,"Fonctionnel Always active Le stockage ou l’accès technique est strictement nécessaire dans la finalité d’intérêt légitime de permettre l’utilisation d’un service spécifique explicitement demandé par l’abonné ou l’utilisateur, ou dans le seul but d’effectuer la transmission d’une communication sur un réseau de communications électroniques."
dans,NORP,https://prairie-institute.fr,0.7,"Fonctionnel Always active Le stockage ou l’accès technique est strictement nécessaire dans la finalité d’intérêt légitime de permettre l’utilisation d’un service spécifique explicitement demandé par l’abonné ou l’utilisateur, ou dans le seul but d’effectuer la transmission d’une communication sur un réseau de communications électroniques."
un,ORG,https://prairie-institute.fr,0.85,"Fonctionnel Always active Le stockage ou l’accès technique est strictement nécessaire dans la finalité d’intérêt légitime de permettre l’utilisation d’un service spécifique explicitement demandé par l’abonné ou l’utilisateur, ou dans le seul but d’effectuer la transmission d’une communication sur un réseau de communications électroniques."
dans,NORP,https://prairie-institute.fr,0.7,Préférences Le stockage ou l’accès technique est nécessaire dans la finalité d’intérêt légitime de stocker des préférences qui ne sont pas demandées par l’abonné ou l’utilisateur.
l’utilisateur,GPE,https://prairie-institute.fr,0.9,Préférences Le stockage ou l’accès technique est nécessaire dans la finalité d’intérêt légitime de stocker des préférences qui ne sont pas demandées par l’abonné ou l’utilisateur.
Statistiques Le,PERSON,https://prairie-institute.fr,0.9500000000000001,Statistiques Le stockage ou l’accès technique qui est utilisé exclusivement à des fins statistiques.
dans,NORP,https://prairie-institute.fr,0.7,Le stockage ou l’accès technique qui est utilisé exclusivement dans des finalités statistiques anonymes.
d’une,PRODUCT,https://prairie-institute.fr,0.8,"En l’absence d’une assignation à comparaître, d’une conformité volontaire de la part de votre fournisseur d’accès à internet ou d’enregistrements supplémentaires provenant d’une tierce partie, les informations stockées ou extraites à cette seule fin ne peuvent généralement pas être utilisées pour vous identifier."
être utilisées pour vous identifier,PERSON,https://prairie-institute.fr,0.93,"En l’absence d’une assignation à comparaître, d’une conformité volontaire de la part de votre fournisseur d’accès à internet ou d’enregistrements supplémentaires provenant d’une tierce partie, les informations stockées ou extraites à cette seule fin ne peuvent généralement pas être utilisées pour vous identifier."
Marketing Le,PERSON,https://prairie-institute.fr,0.9500000000000001,"Marketing Le stockage ou l’accès technique est nécessaire pour créer des profils d’utilisateurs afin d’envoyer des publicités, ou pour suivre l’utilisateur sur un site web ou sur plusieurs sites web ayant des finalités marketing similaires."
un,ORG,https://prairie-institute.fr,0.85,"Marketing Le stockage ou l’accès technique est nécessaire pour créer des profils d’utilisateurs afin d’envoyer des publicités, ou pour suivre l’utilisateur sur un site web ou sur plusieurs sites web ayant des finalités marketing similaires."
Forty-Third International,PERCENT,https://icml.cc,0.75,"ICML  Forty-Third International Conference on Machine Learning Latest Announcements Stay updated with conference news - The Career Site is open - Future Meetings updated for  and  - To Our Reviewers: ICML  Community Standards and Support Statement - ICML  dates and location confirmed: July 6–11,  at the COEX Convention & Exhibition Center, Seoul, South Korea (July 6: Expo/Tutorial Day; July 7–9: Main Conference; July 10–11: Workshops)."
The Career Site,WORK_OF_ART,https://icml.cc,0.8300000000000001,"ICML  Forty-Third International Conference on Machine Learning Latest Announcements Stay updated with conference news - The Career Site is open - Future Meetings updated for  and  - To Our Reviewers: ICML  Community Standards and Support Statement - ICML  dates and location confirmed: July 6–11,  at the COEX Convention & Exhibition Center, Seoul, South Korea (July 6: Expo/Tutorial Day; July 7–9: Main Conference; July 10–11: Workshops)."
Community Standards and Support,ORG,https://icml.cc,0.93,"ICML  Forty-Third International Conference on Machine Learning Latest Announcements Stay updated with conference news - The Career Site is open - Future Meetings updated for  and  - To Our Reviewers: ICML  Community Standards and Support Statement - ICML  dates and location confirmed: July 6–11,  at the COEX Convention & Exhibition Center, Seoul, South Korea (July 6: Expo/Tutorial Day; July 7–9: Main Conference; July 10–11: Workshops)."
July 6–11,DATE,https://icml.cc,1.0,"ICML  Forty-Third International Conference on Machine Learning Latest Announcements Stay updated with conference news - The Career Site is open - Future Meetings updated for  and  - To Our Reviewers: ICML  Community Standards and Support Statement - ICML  dates and location confirmed: July 6–11,  at the COEX Convention & Exhibition Center, Seoul, South Korea (July 6: Expo/Tutorial Day; July 7–9: Main Conference; July 10–11: Workshops)."
the COEX Convention & Exhibition Center,ORG,https://icml.cc,0.88,"ICML  Forty-Third International Conference on Machine Learning Latest Announcements Stay updated with conference news - The Career Site is open - Future Meetings updated for  and  - To Our Reviewers: ICML  Community Standards and Support Statement - ICML  dates and location confirmed: July 6–11,  at the COEX Convention & Exhibition Center, Seoul, South Korea (July 6: Expo/Tutorial Day; July 7–9: Main Conference; July 10–11: Workshops)."
Seoul,GPE,https://icml.cc,0.9500000000000001,"ICML  Forty-Third International Conference on Machine Learning Latest Announcements Stay updated with conference news - The Career Site is open - Future Meetings updated for  and  - To Our Reviewers: ICML  Community Standards and Support Statement - ICML  dates and location confirmed: July 6–11,  at the COEX Convention & Exhibition Center, Seoul, South Korea (July 6: Expo/Tutorial Day; July 7–9: Main Conference; July 10–11: Workshops)."
South Korea,GPE,https://icml.cc,0.9500000000000001,"ICML  Forty-Third International Conference on Machine Learning Latest Announcements Stay updated with conference news - The Career Site is open - Future Meetings updated for  and  - To Our Reviewers: ICML  Community Standards and Support Statement - ICML  dates and location confirmed: July 6–11,  at the COEX Convention & Exhibition Center, Seoul, South Korea (July 6: Expo/Tutorial Day; July 7–9: Main Conference; July 10–11: Workshops)."
July 6,DATE,https://icml.cc,1.0,"ICML  Forty-Third International Conference on Machine Learning Latest Announcements Stay updated with conference news - The Career Site is open - Future Meetings updated for  and  - To Our Reviewers: ICML  Community Standards and Support Statement - ICML  dates and location confirmed: July 6–11,  at the COEX Convention & Exhibition Center, Seoul, South Korea (July 6: Expo/Tutorial Day; July 7–9: Main Conference; July 10–11: Workshops)."
July,DATE,https://icml.cc,1.0,"ICML  Forty-Third International Conference on Machine Learning Latest Announcements Stay updated with conference news - The Career Site is open - Future Meetings updated for  and  - To Our Reviewers: ICML  Community Standards and Support Statement - ICML  dates and location confirmed: July 6–11,  at the COEX Convention & Exhibition Center, Seoul, South Korea (July 6: Expo/Tutorial Day; July 7–9: Main Conference; July 10–11: Workshops)."
July 10–11,DATE,https://icml.cc,1.0,"ICML  Forty-Third International Conference on Machine Learning Latest Announcements Stay updated with conference news - The Career Site is open - Future Meetings updated for  and  - To Our Reviewers: ICML  Community Standards and Support Statement - ICML  dates and location confirmed: July 6–11,  at the COEX Convention & Exhibition Center, Seoul, South Korea (July 6: Expo/Tutorial Day; July 7–9: Main Conference; July 10–11: Workshops)."
Reviewing,GPE,https://icml.cc,0.9500000000000001,- The ICML  Policy for LLM use in Reviewing has been announced.
Peer Review,ORG,https://icml.cc,0.9,Please check the ICML  Peer Review FAQ page first! -
first,ORDINAL,https://icml.cc,0.7,Please check the ICML  Peer Review FAQ page first! -
first,ORDINAL,https://icml.cc,0.7,Please check the ICML Conference FAQ page first!
Dates Key,PERSON,https://icml.cc,0.9500000000000001,Important Dates Key deadlines and events
May,DATE,https://icml.cc,1.0,"Exhibitor applications for ICML  are open until May, 25,  About the Conference The International Conference on Machine Learning (ICML) is the premier gathering of professionals dedicated to the advancement of the branch of artificial intelligence known as machine learning."
25,DATE,https://icml.cc,0.95,"Exhibitor applications for ICML  are open until May, 25,  About the Conference The International Conference on Machine Learning (ICML) is the premier gathering of professionals dedicated to the advancement of the branch of artificial intelligence known as machine learning."
ICML,ORG,https://icml.cc,0.9,"ICML is globally renowned for presenting and publishing cutting-edge research on all aspects of machine learning used in closely related areas like artificial intelligence, statistics and data science, as well as important application areas such as machine vision, computational biology, speech recognition, and robotics."
ICML,ORG,https://icml.cc,0.9,ICML is one of the fastest growing artificial intelligence conferences in the world.
one,CARDINAL,https://icml.cc,0.7,ICML is one of the fastest growing artificial intelligence conferences in the world.
ECAI,ORG,https://ecai2024.eu,0.9,The ECAI  multimedia repository is now available.
Bologna,GPE,https://ecai2024.eu,0.9500000000000001,We hope to see many of you in Bologna next year for ECAI-!
next year,DATE,https://ecai2024.eu,0.95,We hope to see many of you in Bologna next year for ECAI-!
the European Conference on Artificial Intelligence,ORG,https://ecai2024.eu,0.88,"ECAI, the European Conference on Artificial Intelligence, is Europe’s premier AI research venue."
Europe,LOC,https://ecai2024.eu,0.75,"ECAI, the European Conference on Artificial Intelligence, is Europe’s premier AI research venue."
AI,GPE,https://ecai2024.eu,0.9500000000000001,"ECAI, the European Conference on Artificial Intelligence, is Europe’s premier AI research venue."
Santiago de Compostela,ORG,https://ecai2024.eu,0.93,"We are pleased to host the 27th edition of this conference in person, in Santiago de Compostela, a city which has been for centuries the destination of pilgrims and travellers from all over Europe."
centuries,DATE,https://ecai2024.eu,0.95,"We are pleased to host the 27th edition of this conference in person, in Santiago de Compostela, a city which has been for centuries the destination of pilgrims and travellers from all over Europe."
Europe,LOC,https://ecai2024.eu,0.75,"We are pleased to host the 27th edition of this conference in person, in Santiago de Compostela, a city which has been for centuries the destination of pilgrims and travellers from all over Europe."
AI,GPE,https://ecai2024.eu,0.9500000000000001,"ECAI- will feature, as usual, a full programme of technical papers, as well as many AI-related events of interest to researchers, students and industry professionals."
ECAI,ORG,https://ecai2024.eu,0.9,"This includes workshops and tutorials, invited talks, special sessions, as well as ECAI’s sister conference on AI applications (PAIS)."
AI,GPE,https://ecai2024.eu,0.9500000000000001,"This includes workshops and tutorials, invited talks, special sessions, as well as ECAI’s sister conference on AI applications (PAIS)."
the European Association for Artificial Intelligence,ORG,https://ecai2024.eu,0.88,"The conference is organised by the European Association for Artificial Intelligence (EurAI) and the Spanish Artificial Intelligence Society (AEPIA) and it is hosted by CiTIUS, the Research Centre on Intelligent Technologies of the University of Santiago de Compostela."
the Spanish,ORG,https://ecai2024.eu,0.85,"The conference is organised by the European Association for Artificial Intelligence (EurAI) and the Spanish Artificial Intelligence Society (AEPIA) and it is hosted by CiTIUS, the Research Centre on Intelligent Technologies of the University of Santiago de Compostela."
Artificial Intelligence Society (AEPIA,ORG,https://ecai2024.eu,0.93,"The conference is organised by the European Association for Artificial Intelligence (EurAI) and the Spanish Artificial Intelligence Society (AEPIA) and it is hosted by CiTIUS, the Research Centre on Intelligent Technologies of the University of Santiago de Compostela."
CiTIUS,ORG,https://ecai2024.eu,0.9,"The conference is organised by the European Association for Artificial Intelligence (EurAI) and the Spanish Artificial Intelligence Society (AEPIA) and it is hosted by CiTIUS, the Research Centre on Intelligent Technologies of the University of Santiago de Compostela."
the Research Centre on Intelligent Technologies of the University of Santiago de Compostela,ORG,https://ecai2024.eu,0.88,"The conference is organised by the European Association for Artificial Intelligence (EurAI) and the Spanish Artificial Intelligence Society (AEPIA) and it is hosted by CiTIUS, the Research Centre on Intelligent Technologies of the University of Santiago de Compostela."
first,ORDINAL,https://ecai2024.eu,0.7,"Although the first conference to be labelled “European Conference on AI” was ECAI- held in Orsay near Paris, the European AI community has traditionally considered the first four biennial Conferences on Artificial Intelligence and Simulation of Behaviour (Brighton , Edinburgh , Hamburg  and Amsterdam ) as “European Conferences on AI.”"
European Conference on AI,WORK_OF_ART,https://ecai2024.eu,0.8300000000000001,"Although the first conference to be labelled “European Conference on AI” was ECAI- held in Orsay near Paris, the European AI community has traditionally considered the first four biennial Conferences on Artificial Intelligence and Simulation of Behaviour (Brighton , Edinburgh , Hamburg  and Amsterdam ) as “European Conferences on AI.”"
Orsay,GPE,https://ecai2024.eu,0.9500000000000001,"Although the first conference to be labelled “European Conference on AI” was ECAI- held in Orsay near Paris, the European AI community has traditionally considered the first four biennial Conferences on Artificial Intelligence and Simulation of Behaviour (Brighton , Edinburgh , Hamburg  and Amsterdam ) as “European Conferences on AI.”"
Paris,GPE,https://ecai2024.eu,0.9500000000000001,"Although the first conference to be labelled “European Conference on AI” was ECAI- held in Orsay near Paris, the European AI community has traditionally considered the first four biennial Conferences on Artificial Intelligence and Simulation of Behaviour (Brighton , Edinburgh , Hamburg  and Amsterdam ) as “European Conferences on AI.”"
European,NORP,https://ecai2024.eu,0.75,"Although the first conference to be labelled “European Conference on AI” was ECAI- held in Orsay near Paris, the European AI community has traditionally considered the first four biennial Conferences on Artificial Intelligence and Simulation of Behaviour (Brighton , Edinburgh , Hamburg  and Amsterdam ) as “European Conferences on AI.”"
first,ORDINAL,https://ecai2024.eu,0.7,"Although the first conference to be labelled “European Conference on AI” was ECAI- held in Orsay near Paris, the European AI community has traditionally considered the first four biennial Conferences on Artificial Intelligence and Simulation of Behaviour (Brighton , Edinburgh , Hamburg  and Amsterdam ) as “European Conferences on AI.”"
four,CARDINAL,https://ecai2024.eu,0.7,"Although the first conference to be labelled “European Conference on AI” was ECAI- held in Orsay near Paris, the European AI community has traditionally considered the first four biennial Conferences on Artificial Intelligence and Simulation of Behaviour (Brighton , Edinburgh , Hamburg  and Amsterdam ) as “European Conferences on AI.”"
Conferences on Artificial Intelligence and Simulation of Behaviour,ORG,https://ecai2024.eu,0.93,"Although the first conference to be labelled “European Conference on AI” was ECAI- held in Orsay near Paris, the European AI community has traditionally considered the first four biennial Conferences on Artificial Intelligence and Simulation of Behaviour (Brighton , Edinburgh , Hamburg  and Amsterdam ) as “European Conferences on AI.”"
Brighton,GPE,https://ecai2024.eu,0.9500000000000001,"Although the first conference to be labelled “European Conference on AI” was ECAI- held in Orsay near Paris, the European AI community has traditionally considered the first four biennial Conferences on Artificial Intelligence and Simulation of Behaviour (Brighton , Edinburgh , Hamburg  and Amsterdam ) as “European Conferences on AI.”"
Edinburgh,GPE,https://ecai2024.eu,0.9500000000000001,"Although the first conference to be labelled “European Conference on AI” was ECAI- held in Orsay near Paris, the European AI community has traditionally considered the first four biennial Conferences on Artificial Intelligence and Simulation of Behaviour (Brighton , Edinburgh , Hamburg  and Amsterdam ) as “European Conferences on AI.”"
Hamburg,GPE,https://ecai2024.eu,0.9500000000000001,"Although the first conference to be labelled “European Conference on AI” was ECAI- held in Orsay near Paris, the European AI community has traditionally considered the first four biennial Conferences on Artificial Intelligence and Simulation of Behaviour (Brighton , Edinburgh , Hamburg  and Amsterdam ) as “European Conferences on AI.”"
Amsterdam,GPE,https://ecai2024.eu,0.9500000000000001,"Although the first conference to be labelled “European Conference on AI” was ECAI- held in Orsay near Paris, the European AI community has traditionally considered the first four biennial Conferences on Artificial Intelligence and Simulation of Behaviour (Brighton , Edinburgh , Hamburg  and Amsterdam ) as “European Conferences on AI.”"
European Conferences on AI,ORG,https://ecai2024.eu,0.93,"Although the first conference to be labelled “European Conference on AI” was ECAI- held in Orsay near Paris, the European AI community has traditionally considered the first four biennial Conferences on Artificial Intelligence and Simulation of Behaviour (Brighton , Edinburgh , Hamburg  and Amsterdam ) as “European Conferences on AI.”"
Santiago de Compostela,ORG,https://ecai2024.eu,0.93,"This is why we celebrate in  in Santiago de Compostela, with the 27th ECAI, 50 years of European Conferences on AI and this is the motivation for ECAI  motto: ""Celebrating the past."
ECAI,ORG,https://ecai2024.eu,0.9,"This is why we celebrate in  in Santiago de Compostela, with the 27th ECAI, 50 years of European Conferences on AI and this is the motivation for ECAI  motto: ""Celebrating the past."
50 years,DATE,https://ecai2024.eu,0.95,"This is why we celebrate in  in Santiago de Compostela, with the 27th ECAI, 50 years of European Conferences on AI and this is the motivation for ECAI  motto: ""Celebrating the past."
European Conferences,ORG,https://ecai2024.eu,0.9,"This is why we celebrate in  in Santiago de Compostela, with the 27th ECAI, 50 years of European Conferences on AI and this is the motivation for ECAI  motto: ""Celebrating the past."
ECAI,ORG,https://ecai2024.eu,0.9,"This is why we celebrate in  in Santiago de Compostela, with the 27th ECAI, 50 years of European Conferences on AI and this is the motivation for ECAI  motto: ""Celebrating the past."
ECAI,ORG,https://ecai2024.eu,0.9,"To find out more about the history of ECAI, please visit the EurAI website."
EurAI,ORG,https://ecai2024.eu,0.9,"To find out more about the history of ECAI, please visit the EurAI website."
Santiago de Compostela,ORG,https://ecai2024.eu,0.93,"ORGANISED BY SANTIAGO DE COMPOSTELA Welcome to Santiago de Compostela, the capital of the Autonomous Community of Galicia; declared a World Heritage City by UNESCO thanks to its monumental beauty, extraordinary conservation and as the final destination of a thousand-year-old pilgrim route: the Way of St. James, which, since the 9th century, has transformed this finis terrae into a meeting place of Western faith and thinking."
the Autonomous Community of Galicia,ORG,https://ecai2024.eu,0.88,"ORGANISED BY SANTIAGO DE COMPOSTELA Welcome to Santiago de Compostela, the capital of the Autonomous Community of Galicia; declared a World Heritage City by UNESCO thanks to its monumental beauty, extraordinary conservation and as the final destination of a thousand-year-old pilgrim route: the Way of St. James, which, since the 9th century, has transformed this finis terrae into a meeting place of Western faith and thinking."
World Heritage City,GPE,https://ecai2024.eu,0.9800000000000001,"ORGANISED BY SANTIAGO DE COMPOSTELA Welcome to Santiago de Compostela, the capital of the Autonomous Community of Galicia; declared a World Heritage City by UNESCO thanks to its monumental beauty, extraordinary conservation and as the final destination of a thousand-year-old pilgrim route: the Way of St. James, which, since the 9th century, has transformed this finis terrae into a meeting place of Western faith and thinking."
UNESCO,ORG,https://ecai2024.eu,0.9,"ORGANISED BY SANTIAGO DE COMPOSTELA Welcome to Santiago de Compostela, the capital of the Autonomous Community of Galicia; declared a World Heritage City by UNESCO thanks to its monumental beauty, extraordinary conservation and as the final destination of a thousand-year-old pilgrim route: the Way of St. James, which, since the 9th century, has transformed this finis terrae into a meeting place of Western faith and thinking."
thousand-year-old,DATE,https://ecai2024.eu,0.95,"ORGANISED BY SANTIAGO DE COMPOSTELA Welcome to Santiago de Compostela, the capital of the Autonomous Community of Galicia; declared a World Heritage City by UNESCO thanks to its monumental beauty, extraordinary conservation and as the final destination of a thousand-year-old pilgrim route: the Way of St. James, which, since the 9th century, has transformed this finis terrae into a meeting place of Western faith and thinking."
pilgrim,ORG,https://ecai2024.eu,0.85,"ORGANISED BY SANTIAGO DE COMPOSTELA Welcome to Santiago de Compostela, the capital of the Autonomous Community of Galicia; declared a World Heritage City by UNESCO thanks to its monumental beauty, extraordinary conservation and as the final destination of a thousand-year-old pilgrim route: the Way of St. James, which, since the 9th century, has transformed this finis terrae into a meeting place of Western faith and thinking."
the 9th century,DATE,https://ecai2024.eu,0.98,"ORGANISED BY SANTIAGO DE COMPOSTELA Welcome to Santiago de Compostela, the capital of the Autonomous Community of Galicia; declared a World Heritage City by UNESCO thanks to its monumental beauty, extraordinary conservation and as the final destination of a thousand-year-old pilgrim route: the Way of St. James, which, since the 9th century, has transformed this finis terrae into a meeting place of Western faith and thinking."
finis,NORP,https://ecai2024.eu,0.7,"ORGANISED BY SANTIAGO DE COMPOSTELA Welcome to Santiago de Compostela, the capital of the Autonomous Community of Galicia; declared a World Heritage City by UNESCO thanks to its monumental beauty, extraordinary conservation and as the final destination of a thousand-year-old pilgrim route: the Way of St. James, which, since the 9th century, has transformed this finis terrae into a meeting place of Western faith and thinking."
centuries,DATE,https://ecai2024.eu,0.95,"VENUES GALICIA CONFERENCE AND EXHIBITION CENTRE Continuing the centuries-old Compostela tradition of hospitality and thanks to its professionalism and the quality of services it offers, the Galicia Conference and Exhibition Centre has become a national and international benchmark in the sector of organizing and hosting events."
Compostela,ORG,https://ecai2024.eu,0.9,"VENUES GALICIA CONFERENCE AND EXHIBITION CENTRE Continuing the centuries-old Compostela tradition of hospitality and thanks to its professionalism and the quality of services it offers, the Galicia Conference and Exhibition Centre has become a national and international benchmark in the sector of organizing and hosting events."
the Galicia Conference and Exhibition Centre,LAW,https://ecai2024.eu,0.73,"VENUES GALICIA CONFERENCE AND EXHIBITION CENTRE Continuing the centuries-old Compostela tradition of hospitality and thanks to its professionalism and the quality of services it offers, the Galicia Conference and Exhibition Centre has become a national and international benchmark in the sector of organizing and hosting events."
the Galicia Conference and Exhibition Centre: Where,LAW,https://ecai2024.eu,0.73,Indoor map of the Galicia Conference and Exhibition Centre: Where you can sense the history behind the 50th anniversary of ECAI.
50th,ORDINAL,https://ecai2024.eu,0.7,Indoor map of the Galicia Conference and Exhibition Centre: Where you can sense the history behind the 50th anniversary of ECAI.
ECAI,ORG,https://ecai2024.eu,0.9,Indoor map of the Galicia Conference and Exhibition Centre: Where you can sense the history behind the 50th anniversary of ECAI.
the North Campus,LOC,https://ecai2024.eu,0.73,"These buildings, located in the North Campus, will host ECAI  workshops, tutorials and the doctoral consortium."
ECAI,ORG,https://ecai2024.eu,0.9,"These buildings, located in the North Campus, will host ECAI  workshops, tutorials and the doctoral consortium."
the School of Philology,ORG,https://ecai2024.eu,0.88,Indoor map of the School of Philology: Where you can feel the spirit of the French and Portuguese Ways.
French,NORP,https://ecai2024.eu,0.75,Indoor map of the School of Philology: Where you can feel the spirit of the French and Portuguese Ways.
Portuguese,NORP,https://ecai2024.eu,0.75,Indoor map of the School of Philology: Where you can feel the spirit of the French and Portuguese Ways.
the School of Communication Sciences,ORG,https://ecai2024.eu,0.88,"Download it here Indoor map of the School of Communication Sciences: Where you can feel the spirit of the Winter, English, Northern and Fisterra Ways."
English,LANGUAGE,https://ecai2024.eu,0.75,"Download it here Indoor map of the School of Communication Sciences: Where you can feel the spirit of the Winter, English, Northern and Fisterra Ways."
Northern,NORP,https://ecai2024.eu,0.75,"Download it here Indoor map of the School of Communication Sciences: Where you can feel the spirit of the Winter, English, Northern and Fisterra Ways."
Fisterra Ways,ORG,https://ecai2024.eu,0.9,"Download it here Indoor map of the School of Communication Sciences: Where you can feel the spirit of the Winter, English, Northern and Fisterra Ways."
GALICIA,ORG,https://ecai2024.eu,0.9,Download it here GALICIA’S CITY OF CULTURE Galicia’s City of Culture rises on the top of mount Gaiás as a formidable architectural milestone for the new century.
mount Gaiás,LOC,https://ecai2024.eu,0.7,Download it here GALICIA’S CITY OF CULTURE Galicia’s City of Culture rises on the top of mount Gaiás as a formidable architectural milestone for the new century.
the new century,DATE,https://ecai2024.eu,0.98,Download it here GALICIA’S CITY OF CULTURE Galicia’s City of Culture rises on the top of mount Gaiás as a formidable architectural milestone for the new century.
Peter Eisenman,PERSON,https://ecai2024.eu,0.9500000000000001,"Designed by Peter Eisenman, the Museum Building will host the Conference Dinner."
the Museum Building,ORG,https://ecai2024.eu,0.88,"Designed by Peter Eisenman, the Museum Building will host the Conference Dinner."
the Conference Dinner,ORG,https://ecai2024.eu,0.88,"Designed by Peter Eisenman, the Museum Building will host the Conference Dinner."
University's North Campus,ORG,https://ecai2024.eu,0.93,"This beautiful complex, neighbouring the University's North Campus and a few steps from the Cathedral of Santiago de Compostela, will host the Welcome Reception."
the Cathedral of Santiago de Compostela,ORG,https://ecai2024.eu,0.88,"This beautiful complex, neighbouring the University's North Campus and a few steps from the Cathedral of Santiago de Compostela, will host the Welcome Reception."
the Welcome Reception,ORG,https://ecai2024.eu,0.88,"This beautiful complex, neighbouring the University's North Campus and a few steps from the Cathedral of Santiago de Compostela, will host the Welcome Reception."
CHAIR PROGRAM COMMITTEE CHAIRS ORGANIZING COMMITTEE,ORG,https://ecai2024.eu,0.93,"Organisers GENERAL CHAIR PROGRAM COMMITTEE CHAIRS ORGANIZING COMMITTEE CHAIRS DOCTORAL CONSORTIUM CHAIRS DEMO CHAIR JOURNAL TRACK CHAIR DIVERSITY AND INCLUSION CHAIRS PUBLICITY CHAIR WORKFLOW MANAGERS LUNCH WITH A EurAI FELLOW CHAIR ECAI  YEARS BUILDING THE FUTURE WITH AI Santiago de Compostela, declared a World Heritage City by UNESCO in , has been for centuries the final destination for people all over Europe through the historical Routes to Santiago de Compostela."
World Heritage City,GPE,https://ecai2024.eu,0.9800000000000001,"Organisers GENERAL CHAIR PROGRAM COMMITTEE CHAIRS ORGANIZING COMMITTEE CHAIRS DOCTORAL CONSORTIUM CHAIRS DEMO CHAIR JOURNAL TRACK CHAIR DIVERSITY AND INCLUSION CHAIRS PUBLICITY CHAIR WORKFLOW MANAGERS LUNCH WITH A EurAI FELLOW CHAIR ECAI  YEARS BUILDING THE FUTURE WITH AI Santiago de Compostela, declared a World Heritage City by UNESCO in , has been for centuries the final destination for people all over Europe through the historical Routes to Santiago de Compostela."
UNESCO,ORG,https://ecai2024.eu,0.9,"Organisers GENERAL CHAIR PROGRAM COMMITTEE CHAIRS ORGANIZING COMMITTEE CHAIRS DOCTORAL CONSORTIUM CHAIRS DEMO CHAIR JOURNAL TRACK CHAIR DIVERSITY AND INCLUSION CHAIRS PUBLICITY CHAIR WORKFLOW MANAGERS LUNCH WITH A EurAI FELLOW CHAIR ECAI  YEARS BUILDING THE FUTURE WITH AI Santiago de Compostela, declared a World Heritage City by UNESCO in , has been for centuries the final destination for people all over Europe through the historical Routes to Santiago de Compostela."
centuries,DATE,https://ecai2024.eu,0.95,"Organisers GENERAL CHAIR PROGRAM COMMITTEE CHAIRS ORGANIZING COMMITTEE CHAIRS DOCTORAL CONSORTIUM CHAIRS DEMO CHAIR JOURNAL TRACK CHAIR DIVERSITY AND INCLUSION CHAIRS PUBLICITY CHAIR WORKFLOW MANAGERS LUNCH WITH A EurAI FELLOW CHAIR ECAI  YEARS BUILDING THE FUTURE WITH AI Santiago de Compostela, declared a World Heritage City by UNESCO in , has been for centuries the final destination for people all over Europe through the historical Routes to Santiago de Compostela."
Europe,LOC,https://ecai2024.eu,0.75,"Organisers GENERAL CHAIR PROGRAM COMMITTEE CHAIRS ORGANIZING COMMITTEE CHAIRS DOCTORAL CONSORTIUM CHAIRS DEMO CHAIR JOURNAL TRACK CHAIR DIVERSITY AND INCLUSION CHAIRS PUBLICITY CHAIR WORKFLOW MANAGERS LUNCH WITH A EurAI FELLOW CHAIR ECAI  YEARS BUILDING THE FUTURE WITH AI Santiago de Compostela, declared a World Heritage City by UNESCO in , has been for centuries the final destination for people all over Europe through the historical Routes to Santiago de Compostela."
Routes,GPE,https://ecai2024.eu,0.9500000000000001,"Organisers GENERAL CHAIR PROGRAM COMMITTEE CHAIRS ORGANIZING COMMITTEE CHAIRS DOCTORAL CONSORTIUM CHAIRS DEMO CHAIR JOURNAL TRACK CHAIR DIVERSITY AND INCLUSION CHAIRS PUBLICITY CHAIR WORKFLOW MANAGERS LUNCH WITH A EurAI FELLOW CHAIR ECAI  YEARS BUILDING THE FUTURE WITH AI Santiago de Compostela, declared a World Heritage City by UNESCO in , has been for centuries the final destination for people all over Europe through the historical Routes to Santiago de Compostela."
Santiago de Compostela,ORG,https://ecai2024.eu,0.93,"Organisers GENERAL CHAIR PROGRAM COMMITTEE CHAIRS ORGANIZING COMMITTEE CHAIRS DOCTORAL CONSORTIUM CHAIRS DEMO CHAIR JOURNAL TRACK CHAIR DIVERSITY AND INCLUSION CHAIRS PUBLICITY CHAIR WORKFLOW MANAGERS LUNCH WITH A EurAI FELLOW CHAIR ECAI  YEARS BUILDING THE FUTURE WITH AI Santiago de Compostela, declared a World Heritage City by UNESCO in , has been for centuries the final destination for people all over Europe through the historical Routes to Santiago de Compostela."
ECAI,ORG,https://ecai2024.eu,0.9,"The city was elected to host ECAI’s  edition, which finally went online because of the COVID pandemic."
COVID,PERSON,https://ecai2024.eu,0.9500000000000001,"The city was elected to host ECAI’s  edition, which finally went online because of the COVID pandemic."
Digital ECAI,ORG,https://ecai2024.eu,0.9,"Despite such extraordinary circumstances, Digital ECAI was a huge success, with more than 5, attendees online."
more than 5,CARDINAL,https://ecai2024.eu,0.73,"Despite such extraordinary circumstances, Digital ECAI was a huge success, with more than 5, attendees online."
EurAI,ORG,https://ecai2024.eu,0.9,"Because of this, EurAI decided that Santiago would host the  edition as well."
Santiago,ORG,https://ecai2024.eu,0.9,"Because of this, EurAI decided that Santiago would host the  edition as well."
ECAI,ORG,https://ecai2024.eu,0.9,ECAI  OCTOBER  SANTIAGO DE COMPOSTELA
OCTOBER,DATE,https://ecai2024.eu,1.0,ECAI  OCTOBER  SANTIAGO DE COMPOSTELA
SANTIAGO DE COMPOSTELA,ORG,https://ecai2024.eu,0.93,ECAI  OCTOBER  SANTIAGO DE COMPOSTELA
